{
    "ticket":{
        "_source":{
            "enabled":true
        },
        "properties":{
            "idle":{
                "type":"date",
                "format":"date_time"
            },
            "created_at":{
                "type":"date",
                "format":"date_time"
            },
            "updated_at":{
                "type":"date",
                "format":"date_time"
            },
            "last_public_response_date":{
                "type":"date",
                "format":"date_time"
            },
            "status": {
                "type":"string",
                "analyzer" : "keyword_lowercase"
            },
            "queue": {
                "type":"string",
                "analyzer" : "keyword_lowercase"
            },
            "category": {
                "type":"string",
                "analyzer" : "keyword_lowercase"
            },
            "priority": {
                "type":"string",
                "analyzer" : "keyword_lowercase"
            },
            "source_system": {
                "type":"string",
                "analyzer" : "keyword_lowercase"
            },
            "number": {
                "type":"string",
                "analyzer" : "keyword_lowercase"
            },
            "account.number": {
                "type":"string",
                "analyzer" : "keyword_lowercase"
            },
            "assignee.name": {
                "type":"string",
                "analyzer" : "keyword_lowercase"
            }
        }
    }
}
