{
    "account":{
        "_source":{
            "enabled": true
        },
        "properties":{
            "id":{
                "type": "string",
                "analyzer": "keyword_lowercase"
            },
            "number":{
                "type":"long"
            },
            "name":{
                "type": "string",
                "analyzer": "keyword_lowercase"
            },
            "type":{
                "type": "string",
                "analyzer": "keyword_lowercase"
            },
            "rcn":{
                "type": "string",
                "analyzer": "keyword_lowercase"
            },
            "team":{
                "type": "string",
                "analyzer": "keyword_lowercase"
            },
            "status":{
                "type": "string",
                "analyzer": "keyword_lowercase"
            },
            "updatedAt": {
                "type": "date",
                "format": "date_time"
            },
            "highProfile": {
                "type":"boolean"
            },
            "documentLastUpdatedTimestamp": {
                "type": "date",
                "format": "date_time"
            }
        }
    }
}
