{
    "category":{
        "_source":{
            "enabled":true
        },
        "properties": {
            "id": {
              "type": "string"
            },
            "categoryName": {
                "type": "string",
                "analyzer": "keyword_lowercase"
            },
            "subCategoryName":{
                "type": "string",
                "analyzer": "keyword_lowercase"
            },
            "categoryValue": {
                "type": "string",
                "analyzer": "keyword_lowercase"
            },
            "subCategoryValue": {
                "type": "string",
                "analyzer": "keyword_lowercase"
            },
            "documentLastUpdatedTimestamp": {
                "type": "date",
                "format": "date_time"
            }
        }
    }
}
