{
    "user":{
        "_source":{
            "enabled":true
        },
        "properties":{
            "id":{
                "type":"long"
            },
            "name":{
                "type": "string",
                "analyzer": "keyword_lowercase"
            },
            "email":{
                "type": "string",
                "analyzer": "keyword_lowercase"
            },
            "createdAt":{
                "type": "date",
                "format": "date_time"
            },
            "updatedAt":{
                "type": "date",
                "format": "date_time"
            },
            "documentLastUpdatedTimestamp": {
                "type": "date",
                "format": "date_time"
            }
        }
    }
}
