{
    "syncRequest":{
        "_source":{
            "enabled":true
        },
        "properties":{
            "id":{
                "type":"string"
            },
            "documentType":{
                "type":"string",
                "analyzer":"keyword_lowercase"
            },
            "documentIds":{
                "type":"string"
            },
            "status":{
                "type":"string",
                "analyzer":"keyword_lowercase"
            },
            "documentLastUpdatedAt":{
                "type":"date",
                "format":"date_time"
            },
            "createdAt": {
                "type":"date",
                "format":"date_time"
            },
            "lastRunAt": {
                "type":"date",
                "format":"date_time"
            },
            "lastRunDetails": {
                "type": "string"
            }
        }
    }
}
