{
    "syncJob":{
        "_source":{
            "enabled":true
        },
        "properties":{
            "name":{
                "type":"string"
            },
            "description": {
                "type":"string"
            },
            "type": {
                "type":"string"
            },
            "status": {
                "type":"string"
            },
            "started_at": {
                "type":"date",
                "format":"date_time"
            },
            "last_updated_at":{
                "type":"date",
                "format":"date_time"
            },
            "last_ticket_modified_at":{
                "type":"date",
                "format":"date_time"
            },
            "processing_node": {
                "type":"string"
            },
            "status_message": {
                "type":"string"
            },
            "is_enabled": {
                "type":"string"
            }
        }
    }
}
